id,job_id,type,level,item,reference,message,stamp
01e0d917-e95f-48ff-ab24-28d4bd8b73be,b7a42521-5558-4c74-a6ea-9290d3f191d8,common,0,null,,PHP executable [/usr/local/bin/php].,1645521843.644573
03477812-722e-4a99-9604-8cb3f1665304,8e674b61-6951-4714-a6d3-f243ace5f521,common,0,null,,PHP executable [/usr/local/bin/php].,1646647183.883241
058f17b8-1197-44c0-b311-721c8133415a,af143232-4720-4c02-8147-1e3296e9a9ad,common,0,null,,New job [af143232-4720-4c02-8147-1e3296e9a9ad].,1646296101.496423
07aa9060-ade1-4c48-85cc-b66b28019b3b,9856c600-0d0c-45b4-92d1-408610efdf94,common,2,"{""index"":""00000006"",""source"":{""name"":""Dani Box 21700 MOD"",""power"":""80"",""voltage"":null,""vendor"":""Dicodes""},""item"":{""vendor"":""Dicodes"",""name"":""Dani Box 21700 MOD"",""power"":""80""}}",00000006,Duplicate entry [z_mod_name_unique] of [z_mod].,1645218114.083818
09826247-d6c5-41e9-859e-1b9372369b17,98161c45-1cf5-45fe-8b4d-9c881d808475,common,0,"{""index"":""00000011"",""source"":{""name"":""Extreme"",""vendor"":""Vapor Giant"",""coilMin"":null,""coilMax"":null,""dual"":""true""},""item"":{""vendor"":""Vapor Giant"",""name"":""Extreme"",""dual"":""true""}}",,Job successfully finished.,1645218098.028825
0a63f851-7a33-4cd0-badf-35fddfc348f1,6457c36c-23f1-45d6-a0ec-860a6178abe1,common,0,null,,PHP executable [/usr/local/bin/php].,1645525618.784999
0a76dd94-2527-4aa1-bb14-7cbff84dc998,d7b2664f-7ce7-4478-989b-c010f553e8c3,common,0,null,,PHP executable [/usr/local/bin/php].,1645898739.735259
0a84a402-23e8-4b52-b604-b9bd6cde677e,6457c36c-23f1-45d6-a0ec-860a6178abe1,common,0,null,,"Executing job service [PuffSmith\Updater\UpdaterJobService], user id [ef1bb964-8099-4d5d-9484-d4d8174c6c33], language [].",1645525619.376855
10872b3e-c11d-47b3-b85f-3d11fb303072,3d91c1e0-12eb-426c-bab2-3f692f4c8380,common,0,null,,"Executing job service [PuffSmith\Updater\UpdaterJobService], user id [ef1bb964-8099-4d5d-9484-d4d8174c6c33], language [].",1646444050.84224
113e7630-4d9b-4d47-a8be-b95a4c1115c0,05e1fe95-c1c3-4d10-a98d-06e11d68c102,common,0,null,,Job successfully finished.,1647037790.044825
121da3ca-bd64-462e-8437-0305405b19ee,98161c45-1cf5-45fe-8b4d-9c881d808475,common,2,"{""index"":""00000006"",""source"":{""name"":""Kayfun Lite 24mm RTA"",""vendor"":""Svo\u00ebMesto"",""coilMin"":null,""coilMax"":null,""dual"":""false""},""item"":{""vendor"":""Svo\u00ebMesto"",""name"":""Kayfun Lite 24mm RTA"",""dual"":""false""}}",00000006,SQLSTATE[42S22]: Unknown column 'dual' in 'field list',1645218097.081728
166c9a8f-8df9-49dd-bcbc-a07f49a37cdd,98161c45-1cf5-45fe-8b4d-9c881d808475,common,2,"{""index"":""00000008"",""source"":{""name"":""Ripley RDTA"",""vendor"":""Ambition MODS"",""coilMin"":null,""coilMax"":null,""dual"":""false""},""item"":{""vendor"":""Ambition MODS"",""name"":""Ripley RDTA"",""dual"":""false""}}",00000008,SQLSTATE[42S22]: Unknown column 'dual' in 'field list',1645218097.720392
179e42bf-930a-4269-997f-d316186e9d13,9856c600-0d0c-45b4-92d1-408610efdf94,common,2,"{""index"":""00000005"",""source"":{""name"":""Converter MOD Full Kit"",""power"":""50"",""voltage"":null,""vendor"":""Ambition Mods""},""item"":{""vendor"":""Ambition Mods"",""name"":""Converter MOD Full Kit"",""power"":""50""}}",00000005,Duplicate entry [z_mod_name_unique] of [z_mod].,1645218113.686241
1bdfe7d6-2cec-4279-965e-3a239fc21f99,f00051a7-1486-4619-97c6-3ce191357b02,common,0,null,,New job [f00051a7-1486-4619-97c6-3ce191357b02].,1645521373.609266
1c73ad87-06ae-4f06-bd75-7ebf50d63cb7,a04ac710-176a-4e48-9d1a-747444060861,common,0,null,,PHP executable [/usr/local/bin/php].,1645318442.61525
1cbe5f68-e102-470b-96a4-9b314d10068c,6457c36c-23f1-45d6-a0ec-860a6178abe1,common,0,null,,Job successfully finished.,1645525619.438961
1d280665-99eb-4fea-aad7-ddba21a92d86,9856c600-0d0c-45b4-92d1-408610efdf94,common,2,"{""index"":""00000003"",""source"":{""name"":""Mini Stick Kit Stabwood"",""power"":""25"",""voltage"":null,""vendor"":""Ultroner""},""item"":{""vendor"":""Ultroner"",""name"":""Mini Stick Kit Stabwood"",""power"":""25""}}",00000003,Duplicate entry [z_mod_name_unique] of [z_mod].,1645218113.153933
1d688862-20e2-4a70-847c-53191f9d0d5c,b7a42521-5558-4c74-a6ea-9290d3f191d8,common,0,null,,New job [b7a42521-5558-4c74-a6ea-9290d3f191d8].,1645521843.637062
1dcae4ca-6db0-49cc-ab00-f2e7c5f1a60c,14688a0c-a99d-4b95-85ca-511821459859,common,0,null,,Job successfully finished.,1645528303.669304
20daa120-13b2-416a-8d89-4f0472e108c8,05e1fe95-c1c3-4d10-a98d-06e11d68c102,common,0,null,,"Executing job service [PuffSmith\Updater\UpdaterJobService], user id [ef1bb964-8099-4d5d-9484-d4d8174c6c33], language [].",1647037789.852196
21210917-d1ad-4fd1-9922-812cada642b2,14b95952-2fd9-40c6-8767-3593afa87b2d,common,0,null,,Job (probably) running [yes] [pid: 145]. Executor finished ['/usr/local/bin/php' '/var/www/cli.php' 'job' '--trace=603a8588-7162-40b1-ba6e-35b62190b369' '--user=ef1bb964-8099-4d5d-9484-d4d8174c6c33' '14b95952-2fd9-40c6-8767-3593afa87b2d'].,1645923816.676128
21a26ebf-e3ea-4cea-8cd5-9e939ad54d3a,6fc4c1ee-4d14-4543-b7e7-f63ee4b5293e,common,0,null,,New job [6fc4c1ee-4d14-4543-b7e7-f63ee4b5293e].,1646901311.469646
23ca3b2b-de4b-481b-aa89-e7b64067a21a,1ecea496-5fff-466b-8fc1-2bbd0afb3864,common,0,null,,PHP executable [/usr/local/bin/php].,1645527891.755449
24709e24-c7f4-4fe6-9d53-651a2ae0f2a5,8e674b61-6951-4714-a6d3-f243ace5f521,common,0,null,,New job [8e674b61-6951-4714-a6d3-f243ace5f521].,1646647183.87631
25ecbff4-02b8-463f-b5d6-56b6462f66ab,f8db8107-a04c-457a-a088-635a5a14e7c9,common,0,null,,PHP executable [/usr/local/bin/php].,1644936218.537485
26e59d50-643e-42ef-9b8c-d4695a27abc2,43b822f3-b1f4-43d9-a79a-6bbd2c58fda0,common,0,null,,New job [43b822f3-b1f4-43d9-a79a-6bbd2c58fda0].,1645526761.366279
2868ba3b-42b6-4e92-abab-ef5ad03d310f,9856c600-0d0c-45b4-92d1-408610efdf94,common,2,"{""index"":""00000004"",""source"":{""name"":""Luna Squonk"",""power"":""70"",""voltage"":null,""vendor"":""Asmodus""},""item"":{""vendor"":""Asmodus"",""name"":""Luna Squonk"",""power"":""70""}}",00000004,Duplicate entry [z_mod_name_unique] of [z_mod].,1645218113.431854
2a978ead-82f7-42d3-8ba3-3e1af72e6984,51673cc6-0942-482b-82b6-a0562f04a12a,common,0,null,,New job [51673cc6-0942-482b-82b6-a0562f04a12a].,1645526767.014747
2c4929d2-6a80-4f3c-81ee-310d17d3d10d,51673cc6-0942-482b-82b6-a0562f04a12a,common,0,null,,Job (probably) running [yes] [pid: 97]. Executor finished ['/usr/local/bin/php' '/var/www/cli.php' 'job' '--trace=d05120a1-2ea0-4eda-981f-0cceccbe33f6' '--user=ef1bb964-8099-4d5d-9484-d4d8174c6c33' '51673cc6-0942-482b-82b6-a0562f04a12a'].,1645526767.029909
2c6089f9-ced2-48ff-887b-03f4c1486194,98161c45-1cf5-45fe-8b4d-9c881d808475,common,2,"{""index"":""00000009"",""source"":{""name"":""RTA OG 2021"",""vendor"":""HussarVape"",""coilMin"":null,""coilMax"":null,""dual"":""false""},""item"":{""vendor"":""HussarVape"",""name"":""RTA OG 2021"",""dual"":""false""}}",00000009,SQLSTATE[42S22]: Unknown column 'dual' in 'field list',1645218098.004917
30566a50-605c-4f18-ac2e-3cfab2f06b3d,2a03b41e-7507-4410-a0e0-13f49b70b1aa,common,0,null,,Job (probably) running [yes] [pid: 205]. Executor finished ['/usr/local/bin/php' '/var/www/cli.php' 'job' '--trace=ec633af9-ec7f-4d2b-8f91-78754c1c5746' '--user=ef1bb964-8099-4d5d-9484-d4d8174c6c33' '2a03b41e-7507-4410-a0e0-13f49b70b1aa'].,1646527145.679721
32652add-a4ae-4010-a563-760229af8a86,af143232-4720-4c02-8147-1e3296e9a9ad,common,0,null,,PHP executable [/usr/local/bin/php].,1646296101.528748
3641fa8a-40b8-4b27-9832-4f1bb30075da,f00051a7-1486-4619-97c6-3ce191357b02,common,0,null,,Job successfully finished.,1645521374.834219
36cac2ff-cb12-47a3-87d2-3de8e9935e68,f481fe90-5387-4ec6-8d90-55c5dfbb92c4,common,0,null,,New job [f481fe90-5387-4ec6-8d90-55c5dfbb92c4].,1647038190.589181
36d99a11-25ba-424f-a39e-69ba695610ea,f481fe90-5387-4ec6-8d90-55c5dfbb92c4,common,0,null,,Job (probably) running [yes] [pid: 63]. Executor finished ['/usr/local/bin/php' '/var/www/cli.php' 'job' '--trace=34e92412-c93a-43ef-a3b8-163b52b2ead6' '--user=ef1bb964-8099-4d5d-9484-d4d8174c6c33' 'f481fe90-5387-4ec6-8d90-55c5dfbb92c4'].,1647038190.60333
36e56523-cf03-4562-8fc7-30dae49798b5,2a03b41e-7507-4410-a0e0-13f49b70b1aa,common,0,null,,"Executing job service [PuffSmith\Updater\UpdaterJobService], user id [ef1bb964-8099-4d5d-9484-d4d8174c6c33], language [].",1646527146.621178
383c0197-67de-4d6e-9889-9e438de63715,f8db8107-a04c-457a-a088-635a5a14e7c9,common,0,null,,New job [f8db8107-a04c-457a-a088-635a5a14e7c9].,1644936218.530391
393a2248-c672-43b2-b3c2-42102da94fc7,8e674b61-6951-4714-a6d3-f243ace5f521,common,0,null,,Job successfully finished.,1646647185.041448
3ab2f44f-c770-47a0-9eff-5a9f66b0530f,f481fe90-5387-4ec6-8d90-55c5dfbb92c4,common,0,null,,PHP executable [/usr/local/bin/php].,1647038190.595963
3d169fff-c3eb-4854-badb-cba99f5254f3,3d91c1e0-12eb-426c-bab2-3f692f4c8380,common,0,null,,New job [3d91c1e0-12eb-426c-bab2-3f692f4c8380].,1646444050.360998
3dbc00ed-715b-4504-ac5a-3f7b207ba84c,9dc4760e-70b3-42d4-b3a8-80a626592bf5,common,0,null,,"Executing job service [PuffSmith\Updater\UpdaterJobService], user id [ef1bb964-8099-4d5d-9484-d4d8174c6c33], language [].",1646442120.165111
45576b66-3fad-46b6-b0bf-f958545f98e4,9856c600-0d0c-45b4-92d1-408610efdf94,common,0,"{""index"":""00000006"",""source"":{""name"":""Dani Box 21700 MOD"",""power"":""80"",""voltage"":null,""vendor"":""Dicodes""},""item"":{""vendor"":""Dicodes"",""name"":""Dani Box 21700 MOD"",""power"":""80""}}",,Job successfully finished.,1645218114.087366
45bc168f-bef1-4326-899b-69c73f3d3993,2a03b41e-7507-4410-a0e0-13f49b70b1aa,common,0,null,,Job successfully finished.,1646527146.764746
482fd680-b6b1-4db9-9f7b-2efe062ff330,089be9fc-1d07-4a94-856f-ac281a28e65e,common,0,null,,Job (probably) running [yes] [pid: 216]. Executor finished ['/usr/local/bin/php' '/var/www/cli.php' 'job' '--trace=14deeea0-67da-424d-8f05-bad1946edb36' '--user=ef1bb964-8099-4d5d-9484-d4d8174c6c33' '089be9fc-1d07-4a94-856f-ac281a28e65e'].,1646572487.06499
494dffcc-4143-48ea-8668-d2d66efd497b,14688a0c-a99d-4b95-85ca-511821459859,common,0,null,,Job (probably) running [yes] [pid: 112]. Executor finished ['/usr/local/bin/php' '/var/www/cli.php' 'job' '--trace=beeaa170-955d-4769-8f5f-abff09de569d' '--user=ef1bb964-8099-4d5d-9484-d4d8174c6c33' '14688a0c-a99d-4b95-85ca-511821459859'].,1645528303.172524
49ae7080-ffbd-488a-b174-fdb828c22821,51673cc6-0942-482b-82b6-a0562f04a12a,common,0,null,,Job successfully finished.,1645526767.439723
49af9916-0a64-4d40-a06f-d179385a469d,a04ac710-176a-4e48-9d1a-747444060861,common,0,null,,Job (probably) running [yes] [pid: 36]. Executor finished ['/usr/local/bin/php' '/var/www/cli.php' 'job' '--trace=05c9dc4e-9eb8-46de-99f6-624d154b2770' '--user=ef1bb964-8099-4d5d-9484-d4d8174c6c33' 'a04ac710-176a-4e48-9d1a-747444060861'].,1645318442.63562
4b35ca44-d9e8-49c8-9208-1409651ebb9c,3d91c1e0-12eb-426c-bab2-3f692f4c8380,common,0,null,,PHP executable [/usr/local/bin/php].,1646444050.367399
4bd1ed24-abe8-4c2f-a402-92ce9b1de47c,98161c45-1cf5-45fe-8b4d-9c881d808475,common,0,null,,New job [98161c45-1cf5-45fe-8b4d-9c881d808475].,1645218094.663717
4c6977f0-41f7-4c76-98cc-2907f6e74770,98161c45-1cf5-45fe-8b4d-9c881d808475,common,0,null,,Job (probably) running [yes] [pid: 32]. Executor finished ['/usr/local/bin/php' '/var/www/cli.php' 'job' '--trace=c5b90125-12f7-451e-b388-8e500c589593' '--user=cefce5d6-ebbc-42be-b135-0e4c713da34a' '98161c45-1cf5-45fe-8b4d-9c881d808475'].,1645218094.695926
4c86140f-05f2-4e61-a170-4537bdf00c5c,9dc4760e-70b3-42d4-b3a8-80a626592bf5,common,0,null,,Job successfully finished.,1646442120.285346
4cc04915-366a-4029-9f06-e713524c0a00,6fc4c1ee-4d14-4543-b7e7-f63ee4b5293e,common,0,null,,"Executing job service [PuffSmith\Updater\UpdaterJobService], user id [ef1bb964-8099-4d5d-9484-d4d8174c6c33], language [].",1646901312.505031
5078f128-96cd-4903-b4d0-1737b5e0701a,089be9fc-1d07-4a94-856f-ac281a28e65e,common,0,null,,"Executing job service [PuffSmith\Updater\UpdaterJobService], user id [ef1bb964-8099-4d5d-9484-d4d8174c6c33], language [].",1646572488.028669
51fb3bf8-a1e5-46a1-9f6d-950671e42e3f,51673cc6-0942-482b-82b6-a0562f04a12a,common,0,null,,PHP executable [/usr/local/bin/php].,1645526767.022284
52130e37-438e-4fe5-8eaf-5b7e685ded47,f8db8107-a04c-457a-a088-635a5a14e7c9,common,0,null,,Job (probably) running [yes] [pid: 34]. Executor finished ['/usr/local/bin/php' '/var/www/cli.php' 'job' '--trace=61026d40-b52c-42af-b749-44dc17b05d8a' '--user=cefce5d6-ebbc-42be-b135-0e4c713da34a' 'f8db8107-a04c-457a-a088-635a5a14e7c9'].,1644936218.543665
56224efa-83db-4054-af33-822038282eb2,2a03b41e-7507-4410-a0e0-13f49b70b1aa,common,0,null,,New job [2a03b41e-7507-4410-a0e0-13f49b70b1aa].,1646527145.661763
58bb0e77-5ee0-4a12-85dc-6448b431b086,68e579e3-756b-443c-9a55-d7635d3264f5,common,0,null,,"Executing job service [PuffSmith\Updater\UpdaterJobService], user id [ef1bb964-8099-4d5d-9484-d4d8174c6c33], language [].",1645548869.892547
5939f66f-da9b-4801-8c27-a3487032944a,6fc4c1ee-4d14-4543-b7e7-f63ee4b5293e,common,0,null,,Job (probably) running [yes] [pid: 245]. Executor finished ['/usr/local/bin/php' '/var/www/cli.php' 'job' '--trace=0c87d80e-27ec-41dd-8aeb-c839bdda8215' '--user=ef1bb964-8099-4d5d-9484-d4d8174c6c33' '6fc4c1ee-4d14-4543-b7e7-f63ee4b5293e'].,1646901311.509806
5a06a693-aadf-4598-a348-f42056a58199,af143232-4720-4c02-8147-1e3296e9a9ad,common,0,null,,Job successfully finished.,1646296102.65885
5b982241-54fd-4863-b9ab-f8d7d928e51f,98161c45-1cf5-45fe-8b4d-9c881d808475,common,2,"{""index"":""00000007"",""source"":{""name"":""Kronos 2 S 23mm"",""vendor"":""Vapor Giant"",""coilMin"":null,""coilMax"":null,""dual"":""false""},""item"":{""vendor"":""Vapor Giant"",""name"":""Kronos 2 S 23mm"",""dual"":""false""}}",00000007,SQLSTATE[42S22]: Unknown column 'dual' in 'field list',1645218097.457121
5c2a2d1e-ffce-4e9b-be03-855e51b98b11,14688a0c-a99d-4b95-85ca-511821459859,common,0,null,,PHP executable [/usr/local/bin/php].,1645528303.164315
5d9b5056-d738-4dee-9deb-0334a43d48af,8e674b61-6951-4714-a6d3-f243ace5f521,common,0,null,,Job (probably) running [yes] [pid: 226]. Executor finished ['/usr/local/bin/php' '/var/www/cli.php' 'job' '--trace=68a9925e-343e-48c4-9fa2-6a8aa2dcff52' '--user=ef1bb964-8099-4d5d-9484-d4d8174c6c33' '8e674b61-6951-4714-a6d3-f243ace5f521'].,1646647183.891704
5de5cc89-84dd-4ec3-b1cb-819e5faa544f,68e579e3-756b-443c-9a55-d7635d3264f5,common,0,null,,Job successfully finished.,1645548870.03806
5f24c868-62a4-4903-8c95-91f46813e78c,3d91c1e0-12eb-426c-bab2-3f692f4c8380,common,0,null,,Job successfully finished.,1646444050.945653
5f9bb8e8-9f1d-46fe-a939-484b061ab96b,14b95952-2fd9-40c6-8767-3593afa87b2d,common,0,null,,PHP executable [/usr/local/bin/php].,1645923816.668897
5ffda004-d8f9-40fb-a10d-da739460bfbb,2a03b41e-7507-4410-a0e0-13f49b70b1aa,common,0,null,,PHP executable [/usr/local/bin/php].,1646527145.668823
601ddd77-e56e-485b-bd92-80f517828a36,9dc4760e-70b3-42d4-b3a8-80a626592bf5,common,0,null,,Job (probably) running [yes] [pid: 178]. Executor finished ['/usr/local/bin/php' '/var/www/cli.php' 'job' '--trace=298e82b8-15af-427e-bb7c-60d4877f5ac1' '--user=ef1bb964-8099-4d5d-9484-d4d8174c6c33' '9dc4760e-70b3-42d4-b3a8-80a626592bf5'].,1646442119.079198
60317470-b9ce-4a45-98ab-c01e1ef47d4f,f00051a7-1486-4619-97c6-3ce191357b02,common,0,null,,"Executing job service [PuffSmith\Updater\UpdaterJobService], user id [ef1bb964-8099-4d5d-9484-d4d8174c6c33], language [].",1645521374.737596
60f24edc-39db-4aaf-9e9f-a92bcb4f54a8,9856c600-0d0c-45b4-92d1-408610efdf94,common,0,null,,PHP executable [/usr/local/bin/php].,1645218096.797839
640e3bf0-4555-40e5-9fd6-0ce56f660e46,98161c45-1cf5-45fe-8b4d-9c881d808475,common,2,"{""index"":""00000003"",""source"":{""name"":""Taifun GT IV S"",""vendor"":""SmokerStore"",""coilMin"":null,""coilMax"":null,""dual"":""false""},""item"":{""vendor"":""SmokerStore"",""name"":""Taifun GT IV S"",""dual"":""false""}}",00000003,SQLSTATE[42S22]: Unknown column 'dual' in 'field list',1645218096.219359
65e677e1-fea4-4326-babe-fc1c19288631,6457c36c-23f1-45d6-a0ec-860a6178abe1,common,0,null,,Job (probably) running [yes] [pid: 82]. Executor finished ['/usr/local/bin/php' '/var/www/cli.php' 'job' '--trace=3efd68d9-d952-49f8-a799-08f067c2a838' '--user=ef1bb964-8099-4d5d-9484-d4d8174c6c33' '6457c36c-23f1-45d6-a0ec-860a6178abe1'].,1645525618.793632
6b153f9c-3242-4a67-b8c5-ce054d1e41ed,14688a0c-a99d-4b95-85ca-511821459859,common,0,null,,New job [14688a0c-a99d-4b95-85ca-511821459859].,1645528303.156542
6b196268-d70d-4eb1-9086-e41e14d5ab0d,43b822f3-b1f4-43d9-a79a-6bbd2c58fda0,common,0,null,,PHP executable [/usr/local/bin/php].,1645526761.373924
6b4acaea-6157-4a35-9141-ebdb628a3c71,9dc4760e-70b3-42d4-b3a8-80a626592bf5,common,0,null,,PHP executable [/usr/local/bin/php].,1646442119.068877
6ba037e3-7df2-4476-9c57-ab9f9dd30eb6,089be9fc-1d07-4a94-856f-ac281a28e65e,common,0,null,,New job [089be9fc-1d07-4a94-856f-ac281a28e65e].,1646572487.048737
73cae3b5-e7bf-48ef-97fa-7364a8198d9b,74440e57-956b-4dee-b896-6cd3de809a8f,common,0,null,,PHP executable [/usr/local/bin/php].,1645218095.750314
748a866f-3b3b-435d-9b14-51861dbc2443,f8db8107-a04c-457a-a088-635a5a14e7c9,common,2,"{""index"":""00000005"",""source"":{""name"":""40T"",""drain"":""35"",""type"":""21700"",""voltage"":""3.7"",""vendor"":""Samsung""},""item"":{""vendor"":""Samsung"",""name"":""40T"",""voltage"":""3.7"",""drain"":""35"",""type"":""21700""}}",00000005,Call to undefined method Edde\Tag\Repository\TagRepository::requireByCodeGroup(),1644936223.07909
792706e9-be4f-4b23-96b1-642603b5b242,14b95952-2fd9-40c6-8767-3593afa87b2d,common,0,null,,Job successfully finished.,1645923817.434191
7b1fa439-d7df-4d61-a5d7-0750198f65a0,05e1fe95-c1c3-4d10-a98d-06e11d68c102,common,0,null,,Job (probably) running [yes] [pid: 55]. Executor finished ['/usr/local/bin/php' '/var/www/cli.php' 'job' '--trace=a396307d-11f1-4778-86b1-f16d2987dbc0' '--user=ef1bb964-8099-4d5d-9484-d4d8174c6c33' '05e1fe95-c1c3-4d10-a98d-06e11d68c102'].,1647037788.874671
7bd106e2-210f-4e21-9c79-92a66b9c5e7a,b7a42521-5558-4c74-a6ea-9290d3f191d8,common,0,null,,Job successfully finished.,1645521844.073892
7c5a0042-80f4-45a1-acc7-6410c032eda1,74440e57-956b-4dee-b896-6cd3de809a8f,common,0,null,,"Executing job service [Edde\Excel\ExcelImportService], user id [cefce5d6-ebbc-42be-b135-0e4c713da34a], language [].",1645218096.268294
829aad9a-2984-4935-9ebc-efb50b52ae31,f00051a7-1486-4619-97c6-3ce191357b02,common,0,null,,PHP executable [/usr/local/bin/php].,1645521373.650412
832047ea-1571-4c6e-b01f-90b63a6ba7bd,d7b2664f-7ce7-4478-989b-c010f553e8c3,common,0,null,,New job [d7b2664f-7ce7-4478-989b-c010f553e8c3].,1645898739.705237
8ae13d09-1a3e-465c-8b5f-d022e9142fb4,1ecea496-5fff-466b-8fc1-2bbd0afb3864,common,0,null,,Job (probably) running [yes] [pid: 105]. Executor finished ['/usr/local/bin/php' '/var/www/cli.php' 'job' '--trace=4c0a3eaf-a107-4202-a58e-9b6b64a5884b' '--user=ef1bb964-8099-4d5d-9484-d4d8174c6c33' '1ecea496-5fff-466b-8fc1-2bbd0afb3864'].,1645527891.764383
8c88b4ad-2f9d-4b3a-b895-f836cec0298f,68e579e3-756b-443c-9a55-d7635d3264f5,common,0,null,,PHP executable [/usr/local/bin/php].,1645548868.759031
8cac2b41-dd8a-4b50-a8db-79440d4218eb,d7b2664f-7ce7-4478-989b-c010f553e8c3,common,0,null,,Job successfully finished.,1645898740.867541
905aa6f1-320a-4d6e-a3d3-f829fcf82a31,a04ac710-176a-4e48-9d1a-747444060861,common,0,null,,"Executing job service [PuffSmith\Updater\UpdaterJobService], user id [ef1bb964-8099-4d5d-9484-d4d8174c6c33], language [].",1645318443.094645
91e65e9d-2757-4472-87a1-98d235bcab76,1ecea496-5fff-466b-8fc1-2bbd0afb3864,common,0,null,,Job successfully finished.,1645527892.243393
9770bd83-6f33-488e-96d8-eda59ec172d5,6fc4c1ee-4d14-4543-b7e7-f63ee4b5293e,common,0,null,,PHP executable [/usr/local/bin/php].,1646901311.497626
98fad36a-8c23-4949-ae6e-766b37093b8f,ff605f0e-eb0f-4e4d-b2cc-334736a352c3,common,0,null,,Job (probably) running [yes] [pid: 233]. Executor finished ['/usr/local/bin/php' '/var/www/cli.php' 'job' '--trace=d5a0cb8b-a9cc-4696-b576-da323502a44a' '--user=ef1bb964-8099-4d5d-9484-d4d8174c6c33' 'ff605f0e-eb0f-4e4d-b2cc-334736a352c3'].,1646650618.284808
9980dc34-1220-46c6-aece-bb049c22e722,ff605f0e-eb0f-4e4d-b2cc-334736a352c3,common,0,null,,New job [ff605f0e-eb0f-4e4d-b2cc-334736a352c3].,1646650618.270793
9c7393af-03f7-4a79-97f4-c37dac5aa57c,f00051a7-1486-4619-97c6-3ce191357b02,common,0,null,,Job (probably) running [yes] [pid: 62]. Executor finished ['/usr/local/bin/php' '/var/www/cli.php' 'job' '--trace=eb2788d0-a1ff-41f7-8ad8-5246afa59488' '--user=ef1bb964-8099-4d5d-9484-d4d8174c6c33' 'f00051a7-1486-4619-97c6-3ce191357b02'].,1645521373.672072
9f09da19-3803-4ebd-8fb5-6079a9757ed7,98161c45-1cf5-45fe-8b4d-9c881d808475,common,2,"{""index"":""00000004"",""source"":{""name"":""APEX RDA"",""vendor"":""Vicious Ant"",""coilMin"":null,""coilMax"":null,""dual"":""false""},""item"":{""vendor"":""Vicious Ant"",""name"":""APEX RDA"",""dual"":""false""}}",00000004,SQLSTATE[42S22]: Unknown column 'dual' in 'field list',1645218096.459564
a00fe33a-aa74-4b4c-8c14-202dfc9e8511,d7b2664f-7ce7-4478-989b-c010f553e8c3,common,0,null,,Job (probably) running [yes] [pid: 135]. Executor finished ['/usr/local/bin/php' '/var/www/cli.php' 'job' '--trace=27e134bf-8a89-47f3-81ee-a67fbb0c42af' '--user=ef1bb964-8099-4d5d-9484-d4d8174c6c33' 'd7b2664f-7ce7-4478-989b-c010f553e8c3'].,1645898739.744488
a2e175e1-664d-4df9-96c1-151bd8146273,43b822f3-b1f4-43d9-a79a-6bbd2c58fda0,common,0,null,,"Executing job service [PuffSmith\Updater\UpdaterJobService], user id [ef1bb964-8099-4d5d-9484-d4d8174c6c33], language [].",1645526761.761966
a38d9764-959c-4bf6-ac44-35c5c3558924,9856c600-0d0c-45b4-92d1-408610efdf94,common,2,"{""index"":""00000002"",""source"":{""name"":""Hyperion DNA 100C"",""power"":""100"",""voltage"":null,""vendor"":""Lost Vape""},""item"":{""vendor"":""Lost Vape"",""name"":""Hyperion DNA 100C"",""power"":""100""}}",00000002,Duplicate entry [z_mod_name_unique] of [z_mod].,1645218112.871813
a9302f01-7f15-4eaf-aa1b-fd72f88ed602,05e1fe95-c1c3-4d10-a98d-06e11d68c102,common,0,null,,New job [05e1fe95-c1c3-4d10-a98d-06e11d68c102].,1647037788.81906
afc9bcc7-b47b-4466-9b01-b8f44ecbcc00,f481fe90-5387-4ec6-8d90-55c5dfbb92c4,common,0,null,,"Executing job service [PuffSmith\Updater\UpdaterJobService], user id [ef1bb964-8099-4d5d-9484-d4d8174c6c33], language [].",1647038190.952785
b2393a0e-721d-4f77-832d-8ba207c343a6,14b95952-2fd9-40c6-8767-3593afa87b2d,common,0,null,,"Executing job service [PuffSmith\Updater\UpdaterJobService], user id [ef1bb964-8099-4d5d-9484-d4d8174c6c33], language [].",1645923817.320922
b2d14b12-c13f-4965-977e-d887c248a409,f8db8107-a04c-457a-a088-635a5a14e7c9,common,2,"{""index"":""00000002"",""source"":{""name"":""HG2"",""drain"":""20"",""type"":""18650"",""voltage"":""3.7"",""vendor"":""LG""},""item"":{""vendor"":""LG"",""name"":""HG2"",""voltage"":""3.7"",""drain"":""20"",""type"":""18650""}}",00000002,Call to undefined method Edde\Tag\Repository\TagRepository::requireByCodeGroup(),1644936222.488524
b2e000d9-aefb-4eb3-a21e-775aff266f0c,68e579e3-756b-443c-9a55-d7635d3264f5,common,0,null,,New job [68e579e3-756b-443c-9a55-d7635d3264f5].,1645548868.749396
b48d692d-5bf7-447f-8f54-c726649417a4,ff605f0e-eb0f-4e4d-b2cc-334736a352c3,common,0,null,,Job successfully finished.,1646650618.875404
b6f4f401-a420-4d3b-a05b-926582a4814f,14b95952-2fd9-40c6-8767-3593afa87b2d,common,0,null,,New job [14b95952-2fd9-40c6-8767-3593afa87b2d].,1645923816.662104
b81979ea-66ca-4329-bea0-30595ac27ec5,1ecea496-5fff-466b-8fc1-2bbd0afb3864,common,0,null,,"Executing job service [PuffSmith\Updater\UpdaterJobService], user id [ef1bb964-8099-4d5d-9484-d4d8174c6c33], language [].",1645527892.070357
bce3e5d8-f236-4c48-967c-b49bbdd44d05,74440e57-956b-4dee-b896-6cd3de809a8f,common,0,null,,New job [74440e57-956b-4dee-b896-6cd3de809a8f].,1645218095.739815
bce46302-f549-4523-b399-d78acbb62f47,6457c36c-23f1-45d6-a0ec-860a6178abe1,common,0,null,,New job [6457c36c-23f1-45d6-a0ec-860a6178abe1].,1645525618.776647
bf3a51c7-f337-41d6-8f18-d60db8f44f6f,089be9fc-1d07-4a94-856f-ac281a28e65e,common,0,null,,Job successfully finished.,1646572488.178719
c3880b74-3bf5-4970-b54d-ba45a17bfb8f,74440e57-956b-4dee-b896-6cd3de809a8f,common,0,"{""index"":""00001193"",""source"":{""language"":""cs"",""label"":""lab.atomizer.table.dual"",""translation"":""Dual coil""},""item"":{""language"":""cs"",""label"":""lab.atomizer.table.dual"",""translation"":""Dual coil""}}",,Job successfully finished.,1645218109.488744
c3e7c005-7dc1-4969-a0ef-79d76544b76d,51673cc6-0942-482b-82b6-a0562f04a12a,common,0,null,,"Executing job service [PuffSmith\Updater\UpdaterJobService], user id [ef1bb964-8099-4d5d-9484-d4d8174c6c33], language [].",1645526767.34906
c3e94572-78c0-4c9f-8be6-fe4998da3c3e,68e579e3-756b-443c-9a55-d7635d3264f5,common,0,null,,Job (probably) running [yes] [pid: 121]. Executor finished ['/usr/local/bin/php' '/var/www/cli.php' 'job' '--trace=cde32754-46c3-43df-800f-2032df9705a1' '--user=ef1bb964-8099-4d5d-9484-d4d8174c6c33' '68e579e3-756b-443c-9a55-d7635d3264f5'].,1645548868.767913
cbfb8abb-f356-444e-8265-870ec49a7c1d,05e1fe95-c1c3-4d10-a98d-06e11d68c102,common,0,null,,PHP executable [/usr/local/bin/php].,1647037788.848576
cc67f4eb-c36a-4e28-8787-dead3f91468d,d7b2664f-7ce7-4478-989b-c010f553e8c3,common,0,null,,"Executing job service [PuffSmith\Updater\UpdaterJobService], user id [ef1bb964-8099-4d5d-9484-d4d8174c6c33], language [].",1645898740.760156
d093b205-6cb2-470a-8a69-05f2c747478c,98161c45-1cf5-45fe-8b4d-9c881d808475,common,2,"{""index"":""00000005"",""source"":{""name"":""Bushido V3 RDA"",""vendor"":""BP MODS"",""coilMin"":null,""coilMax"":null,""dual"":""false""},""item"":{""vendor"":""BP MODS"",""name"":""Bushido V3 RDA"",""dual"":""false""}}",00000005,SQLSTATE[42S22]: Unknown column 'dual' in 'field list',1645218096.713942
d0b707c0-d960-47a0-af8d-c8ed99d833cb,98161c45-1cf5-45fe-8b4d-9c881d808475,common,0,null,,PHP executable [/usr/local/bin/php].,1645218094.674838
d0cc9397-0d51-43f1-b832-53d043b501df,f8db8107-a04c-457a-a088-635a5a14e7c9,common,0,"{""index"":""00000005"",""source"":{""name"":""40T"",""drain"":""35"",""type"":""21700"",""voltage"":""3.7"",""vendor"":""Samsung""},""item"":{""vendor"":""Samsung"",""name"":""40T"",""voltage"":""3.7"",""drain"":""35"",""type"":""21700""}}",,Job successfully finished.,1644936223.082897
d0e99209-3a76-4712-8381-a010ebfd7caa,8e674b61-6951-4714-a6d3-f243ace5f521,common,0,null,,"Executing job service [PuffSmith\Updater\UpdaterJobService], user id [ef1bb964-8099-4d5d-9484-d4d8174c6c33], language [].",1646647184.893444
d212d171-ef86-4c65-8277-b1609cadec19,f481fe90-5387-4ec6-8d90-55c5dfbb92c4,common,0,null,,Job successfully finished.,1647038191.083997
d2216944-05dd-4763-b3d5-09c18d5bca4f,9856c600-0d0c-45b4-92d1-408610efdf94,common,0,null,,New job [9856c600-0d0c-45b4-92d1-408610efdf94].,1645218096.78814
d4e80fb5-dae0-49b5-8843-cef6facaff7f,14688a0c-a99d-4b95-85ca-511821459859,common,0,null,,"Executing job service [PuffSmith\Updater\UpdaterJobService], user id [ef1bb964-8099-4d5d-9484-d4d8174c6c33], language [].",1645528303.601916
d527b627-83ef-4253-b352-2042ea25c950,b7a42521-5558-4c74-a6ea-9290d3f191d8,common,0,null,,"Executing job service [PuffSmith\Updater\UpdaterJobService], user id [ef1bb964-8099-4d5d-9484-d4d8174c6c33], language [].",1645521843.987322
d60f879e-58e7-4458-b344-1f2bcf62c57a,98161c45-1cf5-45fe-8b4d-9c881d808475,common,2,"{""index"":""00000002"",""source"":{""name"":""Roulette RTA"",""vendor"":""Acrossvape"",""coilMin"":null,""coilMax"":null,""dual"":""false""},""item"":{""vendor"":""Acrossvape"",""name"":""Roulette RTA"",""dual"":""false""}}",00000002,SQLSTATE[42S22]: Unknown column 'dual' in 'field list',1645218095.809703
d929da40-dcef-47e0-b97b-da478225ecc0,43b822f3-b1f4-43d9-a79a-6bbd2c58fda0,common,0,null,,Job successfully finished.,1645526761.871658
d930ddb8-c3a4-4c63-9986-a47b91bbead8,9856c600-0d0c-45b4-92d1-408610efdf94,common,0,null,,"Executing job service [Edde\Excel\ExcelImportService], user id [cefce5d6-ebbc-42be-b135-0e4c713da34a], language [].",1645218097.344272
db89a576-fb40-4cdb-97ac-3c5c0e503d52,6fc4c1ee-4d14-4543-b7e7-f63ee4b5293e,common,0,null,,Job successfully finished.,1646901312.640042
dbc6c3e8-2458-47c3-a265-17d236e2c89d,1ecea496-5fff-466b-8fc1-2bbd0afb3864,common,0,null,,New job [1ecea496-5fff-466b-8fc1-2bbd0afb3864].,1645527891.747771
de97cde1-ff63-4326-8f5d-ea9970020032,ff605f0e-eb0f-4e4d-b2cc-334736a352c3,common,0,null,,PHP executable [/usr/local/bin/php].,1646650618.277557
dee3903f-144c-495b-a6f9-6454713eab18,af143232-4720-4c02-8147-1e3296e9a9ad,common,0,null,,Job (probably) running [yes] [pid: 162]. Executor finished ['/usr/local/bin/php' '/var/www/cli.php' 'job' '--trace=e6a089c3-1579-4a23-9fd1-b2aa2df91f93' '--user=ef1bb964-8099-4d5d-9484-d4d8174c6c33' 'af143232-4720-4c02-8147-1e3296e9a9ad'].,1646296101.538357
df65f5a3-727f-4362-8707-66f7502f630e,f8db8107-a04c-457a-a088-635a5a14e7c9,common,0,null,,"Executing job service [Edde\Excel\ExcelImportService], user id [cefce5d6-ebbc-42be-b135-0e4c713da34a], language [].",1644936219.050358
e0d651c4-eeb9-4722-aff8-534f30d17be0,43b822f3-b1f4-43d9-a79a-6bbd2c58fda0,common,0,null,,Job (probably) running [yes] [pid: 90]. Executor finished ['/usr/local/bin/php' '/var/www/cli.php' 'job' '--trace=f00a33e6-b487-4c0b-aed1-6a25bf40949a' '--user=ef1bb964-8099-4d5d-9484-d4d8174c6c33' '43b822f3-b1f4-43d9-a79a-6bbd2c58fda0'].,1645526761.381755
e1447cf0-6787-49e4-8fb7-46d7dae51b0b,3d91c1e0-12eb-426c-bab2-3f692f4c8380,common,0,null,,Job (probably) running [yes] [pid: 187]. Executor finished ['/usr/local/bin/php' '/var/www/cli.php' 'job' '--trace=bf5225d0-cd25-4475-9275-a879fa8c9d35' '--user=ef1bb964-8099-4d5d-9484-d4d8174c6c33' '3d91c1e0-12eb-426c-bab2-3f692f4c8380'].,1646444050.378852
e2f00ad6-6bf6-4a1e-a630-883e5da22a93,a04ac710-176a-4e48-9d1a-747444060861,common,0,null,,New job [a04ac710-176a-4e48-9d1a-747444060861].,1645318442.602669
e30c630c-6723-4bd5-8563-930502f49ca6,af143232-4720-4c02-8147-1e3296e9a9ad,common,0,null,,"Executing job service [PuffSmith\Updater\UpdaterJobService], user id [ef1bb964-8099-4d5d-9484-d4d8174c6c33], language [].",1646296102.539072
e5ce1b68-bcfe-4fb3-8f37-cab9b89a1815,9856c600-0d0c-45b4-92d1-408610efdf94,common,0,null,,Job (probably) running [yes] [pid: 46]. Executor finished ['/usr/local/bin/php' '/var/www/cli.php' 'job' '--trace=c5b90125-12f7-451e-b388-8e500c589593' '--user=cefce5d6-ebbc-42be-b135-0e4c713da34a' '9856c600-0d0c-45b4-92d1-408610efdf94'].,1645218096.835953
ec12e877-142b-4b4f-963b-2d86e2f2690b,9dc4760e-70b3-42d4-b3a8-80a626592bf5,common,0,null,,New job [9dc4760e-70b3-42d4-b3a8-80a626592bf5].,1646442119.042315
f0d812f7-0cbb-4bf8-ab51-bf86ec2ba067,ff605f0e-eb0f-4e4d-b2cc-334736a352c3,common,0,null,,"Executing job service [PuffSmith\Updater\UpdaterJobService], user id [ef1bb964-8099-4d5d-9484-d4d8174c6c33], language [].",1646650618.717992
f364903d-c1dd-4432-9319-47ab4b7782ec,a04ac710-176a-4e48-9d1a-747444060861,common,0,null,,Job successfully finished.,1645318443.213602
f42f3888-7933-4d97-881e-70c325074d05,74440e57-956b-4dee-b896-6cd3de809a8f,common,0,null,,Job (probably) running [yes] [pid: 39]. Executor finished ['/usr/local/bin/php' '/var/www/cli.php' 'job' '--trace=c5b90125-12f7-451e-b388-8e500c589593' '--user=cefce5d6-ebbc-42be-b135-0e4c713da34a' '74440e57-956b-4dee-b896-6cd3de809a8f'].,1645218095.756787
f438298a-1d78-4233-ac00-0e5a2312b050,f8db8107-a04c-457a-a088-635a5a14e7c9,common,2,"{""index"":""00000004"",""source"":{""name"":""VTC6"",""drain"":""30"",""type"":""18650"",""voltage"":""3.7"",""vendor"":""Sony""},""item"":{""vendor"":""Sony"",""name"":""VTC6"",""voltage"":""3.7"",""drain"":""30"",""type"":""18650""}}",00000004,Call to undefined method Edde\Tag\Repository\TagRepository::requireByCodeGroup(),1644936222.875777
f7ae456f-96a2-4944-867e-a0c734989218,089be9fc-1d07-4a94-856f-ac281a28e65e,common,0,null,,PHP executable [/usr/local/bin/php].,1646572487.056441
fc0cd3c7-f681-4fc6-87b4-909b25cd678c,b7a42521-5558-4c74-a6ea-9290d3f191d8,common,0,null,,Job (probably) running [yes] [pid: 72]. Executor finished ['/usr/local/bin/php' '/var/www/cli.php' 'job' '--trace=70cc80fe-e386-4593-b369-b95690805a20' '--user=ef1bb964-8099-4d5d-9484-d4d8174c6c33' 'b7a42521-5558-4c74-a6ea-9290d3f191d8'].,1645521843.654072
fdb5156e-cd8b-42e0-9f30-882e831b093d,98161c45-1cf5-45fe-8b4d-9c881d808475,common,0,null,,"Executing job service [Edde\Excel\ExcelImportService], user id [cefce5d6-ebbc-42be-b135-0e4c713da34a], language [].",1645218095.069481
ffff9b13-7ca8-44c3-ba38-4cd9f14d0547,f8db8107-a04c-457a-a088-635a5a14e7c9,common,2,"{""index"":""00000003"",""source"":{""name"":""VTC5"",""drain"":""30"",""type"":""18650"",""voltage"":""3.7"",""vendor"":""Sony""},""item"":{""vendor"":""Sony"",""name"":""VTC5"",""voltage"":""3.7"",""drain"":""30"",""type"":""18650""}}",00000003,Call to undefined method Edde\Tag\Repository\TagRepository::requireByCodeGroup(),1644936222.701619
